,The Persistence of Memory,The Starry Night,The Water Lily Pond
The Persistence of Memory,0.9285714285714286,0.023809523809523808,0.047619047619047616
The Starry Night,0.023809523809523808,0.9047619047619048,0.07142857142857142
The Water Lily Pond,0.011904761904761904,0.023809523809523808,0.9642857142857143
