,The Persistence of Memory,The Starry Night,The Water Lily Pond
The Persistence of Memory,0.9411764705882353,0.023529411764705882,0.03529411764705882
The Starry Night,0.023529411764705882,0.9411764705882353,0.03529411764705882
The Water Lily Pond,0.0,0.058823529411764705,0.9411764705882353
