{
  "classes": [
    "The Persistence of Memory",
    "The Starry Night",
    "The Water Lily Pond"
  ],
  "validation_counts": [
    [
      78,
      2,
      4
    ],
    [
      2,
      76,
      6
    ],
    [
      1,
      2,
      81
    ]
  ],
  "test_counts": [
    [
      80,
      2,
      3
    ],
    [
      2,
      80,
      3
    ],
    [
      0,
      5,
      80
    ]
  ],
  "validation_normalized": [
    [
      0.9285714285714286,
      0.023809523809523808,
      0.047619047619047616
    ],
    [
      0.023809523809523808,
      0.9047619047619048,
      0.07142857142857142
    ],
    [
      0.011904761904761904,
      0.023809523809523808,
      0.9642857142857143
    ]
  ],
  "test_normalized": [
    [
      0.9411764705882353,
      0.023529411764705882,
      0.03529411764705882
    ],
    [
      0.023529411764705882,
      0.9411764705882353,
      0.03529411764705882
    ],
    [
      0.0,
      0.058823529411764705,
      0.9411764705882353
    ]
  ]
}